component,variance
session_id_intercept,0.17827831817058126
residual,0.8242866492524953
